Date,Product,Social_Mentions,Sales
2024-01-01,Floral Dress,180,99
2024-01-01,Leather Jacket,412,169
2024-01-01,Denim Jeans,186,96
2024-01-01,Chunky Sneaker,71,30
2024-01-02,Floral Dress,124,41
2024-01-02,Leather Jacket,366,165
2024-01-02,Denim Jeans,148,80
2024-01-02,Chunky Sneaker,123,69
2024-01-03,Floral Dress,72,30
2024-01-03,Leather Jacket,476,219
2024-01-03,Denim Jeans,250,110
2024-01-03,Chunky Sneaker,57,22
2024-01-04,Floral Dress,178,82
2024-01-04,Leather Jacket,429,186
2024-01-04,Denim Jeans,204,76
2024-01-04,Chunky Sneaker,73,18
2024-01-05,Floral Dress,69,42
2024-01-05,Leather Jacket,376,149
2024-01-05,Denim Jeans,206,88
2024-01-05,Chunky Sneaker,86,29
2024-01-06,Floral Dress,195,76
2024-01-06,Leather Jacket,498,210
2024-01-06,Denim Jeans,242,127
2024-01-06,Chunky Sneaker,185,70
2024-01-07,Floral Dress,139,52
2024-01-07,Leather Jacket,510,230
2024-01-07,Denim Jeans,238,124
2024-01-07,Chunky Sneaker,108,62
2024-01-08,Floral Dress,167,74
2024-01-08,Leather Jacket,405,188
2024-01-08,Denim Jeans,245,112
2024-01-08,Chunky Sneaker,159,75
2024-01-09,Floral Dress,151,60
2024-01-09,Leather Jacket,323,161
2024-01-09,Denim Jeans,203,106
2024-01-09,Chunky Sneaker,156,62
2024-01-10,Floral Dress,129,38
2024-01-10,Leather Jacket,446,218
2024-01-10,Denim Jeans,200,88
2024-01-10,Chunky Sneaker,185,76
2024-01-11,Floral Dress,182,75
2024-01-11,Leather Jacket,398,175
2024-01-11,Denim Jeans,278,131
2024-01-11,Chunky Sneaker,104,56
2024-01-12,Floral Dress,97,63
2024-01-12,Leather Jacket,324,147
2024-01-12,Denim Jeans,126,76
2024-01-12,Chunky Sneaker,119,54
2024-01-13,Floral Dress,170,93
2024-01-13,Leather Jacket,459,221
2024-01-13,Denim Jeans,209,106
2024-01-13,Chunky Sneaker,128,70
2024-01-14,Floral Dress,153,83
2024-01-14,Leather Jacket,401,160
2024-01-14,Denim Jeans,149,76
2024-01-14,Chunky Sneaker,54,33
2024-01-15,Floral Dress,189,68
2024-01-15,Leather Jacket,516,220
2024-01-15,Denim Jeans,126,55
2024-01-15,Chunky Sneaker,95,62
2024-01-16,Floral Dress,179,60
2024-01-16,Leather Jacket,547,245
2024-01-16,Denim Jeans,288,126
2024-01-16,Chunky Sneaker,135,56
2024-01-17,Floral Dress,173,79
2024-01-17,Leather Jacket,403,170
2024-01-17,Denim Jeans,180,80
2024-01-17,Chunky Sneaker,162,68
2024-01-18,Floral Dress,63,11
2024-01-18,Leather Jacket,408,165
2024-01-18,Denim Jeans,145,81
2024-01-18,Chunky Sneaker,166,77
2024-01-19,Floral Dress,187,87
2024-01-19,Leather Jacket,404,182
2024-01-19,Denim Jeans,279,113
2024-01-19,Chunky Sneaker,114,65
2024-01-20,Floral Dress,74,41
2024-01-20,Leather Jacket,333,155
2024-01-20,Denim Jeans,246,122
2024-01-20,Chunky Sneaker,76,32
2024-01-21,Floral Dress,101,36
2024-01-21,Leather Jacket,426,184
2024-01-21,Denim Jeans,178,81
2024-01-21,Chunky Sneaker,184,69
2024-01-22,Floral Dress,82,25
2024-01-22,Leather Jacket,534,243
2024-01-22,Denim Jeans,240,111
2024-01-22,Chunky Sneaker,164,92
2024-01-23,Floral Dress,112,51
2024-01-23,Leather Jacket,525,222
2024-01-23,Denim Jeans,197,87
2024-01-23,Chunky Sneaker,166,77
2024-01-24,Floral Dress,176,66
2024-01-24,Leather Jacket,471,224
2024-01-24,Denim Jeans,151,83
2024-01-24,Chunky Sneaker,138,61
2024-01-25,Floral Dress,92,57
2024-01-25,Leather Jacket,500,218
2024-01-25,Denim Jeans,131,60
2024-01-25,Chunky Sneaker,179,87
2024-01-26,Floral Dress,159,57
2024-01-26,Leather Jacket,357,161
2024-01-26,Denim Jeans,167,77
2024-01-26,Chunky Sneaker,53,15
2024-01-27,Floral Dress,105,52
2024-01-27,Leather Jacket,338,172
2024-01-27,Denim Jeans,236,87
2024-01-27,Chunky Sneaker,146,83
2024-01-28,Floral Dress,130,48
2024-01-28,Leather Jacket,497,236
2024-01-28,Denim Jeans,109,66
2024-01-28,Chunky Sneaker,77,50
2024-01-29,Floral Dress,164,75
2024-01-29,Leather Jacket,518,224
2024-01-29,Denim Jeans,231,86
2024-01-29,Chunky Sneaker,196,100
2024-01-30,Floral Dress,178,96
2024-01-30,Leather Jacket,389,186
2024-01-30,Denim Jeans,251,130
2024-01-30,Chunky Sneaker,118,58
2024-01-31,Floral Dress,98,45
2024-01-31,Leather Jacket,348,151
2024-01-31,Denim Jeans,168,81
2024-01-31,Chunky Sneaker,144,83
2024-02-01,Floral Dress,165,57
2024-02-01,Leather Jacket,466,204
2024-02-01,Denim Jeans,220,115
2024-02-01,Chunky Sneaker,131,60
2024-02-02,Floral Dress,169,68
2024-02-02,Leather Jacket,445,220
2024-02-02,Denim Jeans,285,130
2024-02-02,Chunky Sneaker,117,57
2024-02-03,Floral Dress,169,57
2024-02-03,Leather Jacket,412,168
2024-02-03,Denim Jeans,145,70
2024-02-03,Chunky Sneaker,141,48
2024-02-04,Floral Dress,123,70
2024-02-04,Leather Jacket,405,197
2024-02-04,Denim Jeans,143,69
2024-02-04,Chunky Sneaker,129,68
2024-02-05,Floral Dress,65,25
2024-02-05,Leather Jacket,315,144
2024-02-05,Denim Jeans,119,39
2024-02-05,Chunky Sneaker,55,34
2024-02-06,Floral Dress,114,49
2024-02-06,Leather Jacket,502,230
2024-02-06,Denim Jeans,274,103
2024-02-06,Chunky Sneaker,75,13
2024-02-07,Floral Dress,80,29
2024-02-07,Leather Jacket,453,204
2024-02-07,Denim Jeans,138,64
2024-02-07,Chunky Sneaker,73,24
2024-02-08,Floral Dress,68,25
2024-02-08,Leather Jacket,339,136
2024-02-08,Denim Jeans,178,75
2024-02-08,Chunky Sneaker,110,62
2024-02-09,Floral Dress,175,83
2024-02-09,Leather Jacket,572,249
2024-02-09,Denim Jeans,166,63
2024-02-09,Chunky Sneaker,96,37
2024-02-10,Floral Dress,78,37
2024-02-10,Leather Jacket,496,218
2024-02-10,Denim Jeans,259,126
2024-02-10,Chunky Sneaker,171,91
2024-02-11,Floral Dress,193,102
2024-02-11,Leather Jacket,315,133
2024-02-11,Denim Jeans,230,111
2024-02-11,Chunky Sneaker,55,5
2024-02-12,Floral Dress,81,48
2024-02-12,Leather Jacket,533,251
2024-02-12,Denim Jeans,235,121
2024-02-12,Chunky Sneaker,168,65
2024-02-13,Floral Dress,188,82
2024-02-13,Leather Jacket,363,157
2024-02-13,Denim Jeans,227,88
2024-02-13,Chunky Sneaker,65,13
2024-02-14,Floral Dress,195,67
2024-02-14,Leather Jacket,390,186
2024-02-14,Denim Jeans,223,95
2024-02-14,Chunky Sneaker,96,29
2024-02-15,Floral Dress,195,94
2024-02-15,Leather Jacket,457,208
2024-02-15,Denim Jeans,184,63
2024-02-15,Chunky Sneaker,102,49
2024-02-16,Floral Dress,60,44
2024-02-16,Leather Jacket,400,175
2024-02-16,Denim Jeans,216,106
2024-02-16,Chunky Sneaker,70,50
2024-02-17,Floral Dress,80,31
2024-02-17,Leather Jacket,311,144
2024-02-17,Denim Jeans,251,129
2024-02-17,Chunky Sneaker,79,34
2024-02-18,Floral Dress,79,18
2024-02-18,Leather Jacket,565,249
2024-02-18,Denim Jeans,188,74
2024-02-18,Chunky Sneaker,154,70
2024-02-19,Floral Dress,154,62
2024-02-19,Leather Jacket,420,203
2024-02-19,Denim Jeans,268,129
2024-02-19,Chunky Sneaker,60,33
2024-02-20,Floral Dress,191,104
2024-02-20,Leather Jacket,380,188
2024-02-20,Denim Jeans,150,87
2024-02-20,Chunky Sneaker,119,42
2024-02-21,Floral Dress,142,55
2024-02-21,Leather Jacket,325,132
2024-02-21,Denim Jeans,193,74
2024-02-21,Chunky Sneaker,120,48
2024-02-22,Floral Dress,199,108
2024-02-22,Leather Jacket,529,239
2024-02-22,Denim Jeans,109,40
2024-02-22,Chunky Sneaker,61,21
2024-02-23,Floral Dress,193,70
2024-02-23,Leather Jacket,384,167
2024-02-23,Denim Jeans,171,81
2024-02-23,Chunky Sneaker,177,88
2024-02-24,Floral Dress,92,54
2024-02-24,Leather Jacket,456,212
2024-02-24,Denim Jeans,237,100
2024-02-24,Chunky Sneaker,136,66
2024-02-25,Floral Dress,184,97
2024-02-25,Leather Jacket,480,214
2024-02-25,Denim Jeans,134,73
2024-02-25,Chunky Sneaker,88,24
2024-02-26,Floral Dress,100,50
2024-02-26,Leather Jacket,388,163
2024-02-26,Denim Jeans,185,98
2024-02-26,Chunky Sneaker,183,102
2024-02-27,Floral Dress,179,94
2024-02-27,Leather Jacket,440,208
2024-02-27,Denim Jeans,225,105
2024-02-27,Chunky Sneaker,194,71
2024-02-28,Floral Dress,91,45
2024-02-28,Leather Jacket,478,195
2024-02-28,Denim Jeans,168,69
2024-02-28,Chunky Sneaker,115,58
2024-02-29,Floral Dress,107,31
2024-02-29,Leather Jacket,329,150
2024-02-29,Denim Jeans,118,67
2024-02-29,Chunky Sneaker,140,62
2024-03-01,Floral Dress,115,61
2024-03-01,Leather Jacket,91,46
2024-03-01,Denim Jeans,140,78
2024-03-01,Chunky Sneaker,122,66
2024-03-02,Floral Dress,134,74
2024-03-02,Leather Jacket,115,64
2024-03-02,Denim Jeans,239,125
2024-03-02,Chunky Sneaker,81,17
2024-03-03,Floral Dress,122,69
2024-03-03,Leather Jacket,70,43
2024-03-03,Denim Jeans,194,69
2024-03-03,Chunky Sneaker,55,36
2024-03-04,Floral Dress,140,73
2024-03-04,Leather Jacket,136,70
2024-03-04,Denim Jeans,184,90
2024-03-04,Chunky Sneaker,125,75
2024-03-05,Floral Dress,134,51
2024-03-05,Leather Jacket,182,81
2024-03-05,Denim Jeans,267,126
2024-03-05,Chunky Sneaker,114,50
2024-03-06,Floral Dress,90,37
2024-03-06,Leather Jacket,74,30
2024-03-06,Denim Jeans,167,92
2024-03-06,Chunky Sneaker,157,82
2024-03-07,Floral Dress,56,39
2024-03-07,Leather Jacket,70,33
2024-03-07,Denim Jeans,280,134
2024-03-07,Chunky Sneaker,95,55
2024-03-08,Floral Dress,75,22
2024-03-08,Leather Jacket,135,47
2024-03-08,Denim Jeans,236,87
2024-03-08,Chunky Sneaker,162,88
2024-03-09,Floral Dress,120,46
2024-03-09,Leather Jacket,149,64
2024-03-09,Denim Jeans,127,76
2024-03-09,Chunky Sneaker,65,27
2024-03-10,Floral Dress,66,24
2024-03-10,Leather Jacket,158,59
2024-03-10,Denim Jeans,187,77
2024-03-10,Chunky Sneaker,73,42
2024-03-11,Floral Dress,110,54
2024-03-11,Leather Jacket,52,37
2024-03-11,Denim Jeans,172,84
2024-03-11,Chunky Sneaker,107,50
2024-03-12,Floral Dress,141,59
2024-03-12,Leather Jacket,102,25
2024-03-12,Denim Jeans,193,66
2024-03-12,Chunky Sneaker,181,74
2024-03-13,Floral Dress,124,68
2024-03-13,Leather Jacket,196,96
2024-03-13,Denim Jeans,216,82
2024-03-13,Chunky Sneaker,161,56
2024-03-14,Floral Dress,112,52
2024-03-14,Leather Jacket,107,46
2024-03-14,Denim Jeans,265,138
2024-03-14,Chunky Sneaker,86,57
2024-03-15,Floral Dress,185,93
2024-03-15,Leather Jacket,130,69
2024-03-15,Denim Jeans,248,100
2024-03-15,Chunky Sneaker,152,61
2024-03-16,Floral Dress,116,52
2024-03-16,Leather Jacket,119,62
2024-03-16,Denim Jeans,200,82
2024-03-16,Chunky Sneaker,175,85
2024-03-17,Floral Dress,161,53
2024-03-17,Leather Jacket,114,59
2024-03-17,Denim Jeans,279,128
2024-03-17,Chunky Sneaker,131,65
2024-03-18,Floral Dress,195,75
2024-03-18,Leather Jacket,54,21
2024-03-18,Denim Jeans,163,60
2024-03-18,Chunky Sneaker,70,31
2024-03-19,Floral Dress,108,45
2024-03-19,Leather Jacket,61,14
2024-03-19,Denim Jeans,216,89
2024-03-19,Chunky Sneaker,150,49
2024-03-20,Floral Dress,187,100
2024-03-20,Leather Jacket,50,8
2024-03-20,Denim Jeans,199,81
2024-03-20,Chunky Sneaker,93,48
2024-03-21,Floral Dress,144,66
2024-03-21,Leather Jacket,168,62
2024-03-21,Denim Jeans,216,91
2024-03-21,Chunky Sneaker,133,68
2024-03-22,Floral Dress,67,38
2024-03-22,Leather Jacket,89,32
2024-03-22,Denim Jeans,174,94
2024-03-22,Chunky Sneaker,193,98
2024-03-23,Floral Dress,108,32
2024-03-23,Leather Jacket,158,89
2024-03-23,Denim Jeans,135,73
2024-03-23,Chunky Sneaker,104,27
2024-03-24,Floral Dress,179,73
2024-03-24,Leather Jacket,109,52
2024-03-24,Denim Jeans,125,66
2024-03-24,Chunky Sneaker,199,94
2024-03-25,Floral Dress,167,59
2024-03-25,Leather Jacket,87,37
2024-03-25,Denim Jeans,231,84
2024-03-25,Chunky Sneaker,100,60
2024-03-26,Floral Dress,139,61
2024-03-26,Leather Jacket,102,36
2024-03-26,Denim Jeans,203,87
2024-03-26,Chunky Sneaker,153,56
2024-03-27,Floral Dress,62,43
2024-03-27,Leather Jacket,111,67
2024-03-27,Denim Jeans,170,76
2024-03-27,Chunky Sneaker,164,77
2024-03-28,Floral Dress,176,90
2024-03-28,Leather Jacket,184,98
2024-03-28,Denim Jeans,115,45
2024-03-28,Chunky Sneaker,168,63
2024-03-29,Floral Dress,182,93
2024-03-29,Leather Jacket,111,33
2024-03-29,Denim Jeans,116,46
2024-03-29,Chunky Sneaker,141,49
2024-03-30,Floral Dress,69,43
2024-03-30,Leather Jacket,64,45
2024-03-30,Denim Jeans,123,75
2024-03-30,Chunky Sneaker,146,77
2024-03-31,Floral Dress,93,31
2024-03-31,Leather Jacket,164,71
2024-03-31,Denim Jeans,239,118
2024-03-31,Chunky Sneaker,54,8
2024-04-01,Floral Dress,570,242
2024-04-01,Leather Jacket,126,41
2024-04-01,Denim Jeans,250,127
2024-04-01,Chunky Sneaker,103,41
2024-04-02,Floral Dress,578,274
2024-04-02,Leather Jacket,143,77
2024-04-02,Denim Jeans,193,106
2024-04-02,Chunky Sneaker,86,46
2024-04-03,Floral Dress,358,175
2024-04-03,Leather Jacket,68,37
2024-04-03,Denim Jeans,187,83
2024-04-03,Chunky Sneaker,68,28
2024-04-04,Floral Dress,545,254
2024-04-04,Leather Jacket,52,26
2024-04-04,Denim Jeans,225,103
2024-04-04,Chunky Sneaker,198,92
2024-04-05,Floral Dress,558,241
2024-04-05,Leather Jacket,99,57
2024-04-05,Denim Jeans,238,119
2024-04-05,Chunky Sneaker,130,54
2024-04-06,Floral Dress,534,246
2024-04-06,Leather Jacket,68,27
2024-04-06,Denim Jeans,151,50
2024-04-06,Chunky Sneaker,195,90
2024-04-07,Floral Dress,642,294
2024-04-07,Leather Jacket,97,44
2024-04-07,Denim Jeans,261,103
2024-04-07,Chunky Sneaker,155,57
2024-04-08,Floral Dress,478,196
2024-04-08,Leather Jacket,184,90
2024-04-08,Denim Jeans,171,91
2024-04-08,Chunky Sneaker,186,91
2024-04-09,Floral Dress,650,284
2024-04-09,Leather Jacket,118,42
2024-04-09,Denim Jeans,245,98
2024-04-09,Chunky Sneaker,151,57
2024-04-10,Floral Dress,462,225
2024-04-10,Leather Jacket,116,37
2024-04-10,Denim Jeans,249,95
2024-04-10,Chunky Sneaker,71,39
2024-04-11,Floral Dress,535,260
2024-04-11,Leather Jacket,193,66
2024-04-11,Denim Jeans,161,70
2024-04-11,Chunky Sneaker,131,68
2024-04-12,Floral Dress,537,223
2024-04-12,Leather Jacket,114,53
2024-04-12,Denim Jeans,181,85
2024-04-12,Chunky Sneaker,137,81
2024-04-13,Floral Dress,470,191
2024-04-13,Leather Jacket,123,36
2024-04-13,Denim Jeans,205,75
2024-04-13,Chunky Sneaker,135,63
2024-04-14,Floral Dress,500,243
2024-04-14,Leather Jacket,177,73
2024-04-14,Denim Jeans,167,90
2024-04-14,Chunky Sneaker,185,73
2024-04-15,Floral Dress,673,309
2024-04-15,Leather Jacket,90,22
2024-04-15,Denim Jeans,263,136
2024-04-15,Chunky Sneaker,149,77
2024-04-16,Floral Dress,496,223
2024-04-16,Leather Jacket,61,46
2024-04-16,Denim Jeans,248,100
2024-04-16,Chunky Sneaker,141,49
2024-04-17,Floral Dress,638,292
2024-04-17,Leather Jacket,80,41
2024-04-17,Denim Jeans,197,101
2024-04-17,Chunky Sneaker,125,55
2024-04-18,Floral Dress,554,229
2024-04-18,Leather Jacket,70,24
2024-04-18,Denim Jeans,233,106
2024-04-18,Chunky Sneaker,128,50
2024-04-19,Floral Dress,577,249
2024-04-19,Leather Jacket,63,37
2024-04-19,Denim Jeans,274,139
2024-04-19,Chunky Sneaker,96,49
2024-04-20,Floral Dress,426,195
2024-04-20,Leather Jacket,184,78
2024-04-20,Denim Jeans,158,86
2024-04-20,Chunky Sneaker,183,93
2024-04-21,Floral Dress,561,238
2024-04-21,Leather Jacket,182,86
2024-04-21,Denim Jeans,252,100
2024-04-21,Chunky Sneaker,85,40
2024-04-22,Floral Dress,612,268
2024-04-22,Leather Jacket,167,92
2024-04-22,Denim Jeans,206,75
2024-04-22,Chunky Sneaker,134,73
2024-04-23,Floral Dress,515,213
2024-04-23,Leather Jacket,74,16
2024-04-23,Denim Jeans,247,94
2024-04-23,Chunky Sneaker,184,93
2024-04-24,Floral Dress,427,211
2024-04-24,Leather Jacket,179,100
2024-04-24,Denim Jeans,279,120
2024-04-24,Chunky Sneaker,99,30
2024-04-25,Floral Dress,475,203
2024-04-25,Leather Jacket,129,67
2024-04-25,Denim Jeans,224,113
2024-04-25,Chunky Sneaker,133,39
2024-04-26,Floral Dress,458,225
2024-04-26,Leather Jacket,64,8
2024-04-26,Denim Jeans,182,69
2024-04-26,Chunky Sneaker,189,92
2024-04-27,Floral Dress,583,266
2024-04-27,Leather Jacket,163,55
2024-04-27,Denim Jeans,244,108
2024-04-27,Chunky Sneaker,55,16
2024-04-28,Floral Dress,504,218
2024-04-28,Leather Jacket,82,36
2024-04-28,Denim Jeans,196,77
2024-04-28,Chunky Sneaker,173,75
2024-04-29,Floral Dress,514,243
2024-04-29,Leather Jacket,79,46
2024-04-29,Denim Jeans,116,70
2024-04-29,Chunky Sneaker,57,23
2024-04-30,Floral Dress,446,193
2024-04-30,Leather Jacket,107,46
2024-04-30,Denim Jeans,252,123
2024-04-30,Chunky Sneaker,53,40
2024-05-01,Floral Dress,534,246
2024-05-01,Leather Jacket,180,86
2024-05-01,Denim Jeans,151,58
2024-05-01,Chunky Sneaker,79,37
2024-05-02,Floral Dress,461,223
2024-05-02,Leather Jacket,197,75
2024-05-02,Denim Jeans,205,104
2024-05-02,Chunky Sneaker,132,45
2024-05-03,Floral Dress,496,230
2024-05-03,Leather Jacket,165,60
2024-05-03,Denim Jeans,221,80
2024-05-03,Chunky Sneaker,147,81
2024-05-04,Floral Dress,678,303
2024-05-04,Leather Jacket,62,36
2024-05-04,Denim Jeans,206,102
2024-05-04,Chunky Sneaker,165,63
2024-05-05,Floral Dress,604,284
2024-05-05,Leather Jacket,112,51
2024-05-05,Denim Jeans,190,94
2024-05-05,Chunky Sneaker,124,60
2024-05-06,Floral Dress,476,208
2024-05-06,Leather Jacket,170,88
2024-05-06,Denim Jeans,154,65
2024-05-06,Chunky Sneaker,152,57
2024-05-07,Floral Dress,449,195
2024-05-07,Leather Jacket,195,73
2024-05-07,Denim Jeans,272,137
2024-05-07,Chunky Sneaker,158,86
2024-05-08,Floral Dress,599,277
2024-05-08,Leather Jacket,171,94
2024-05-08,Denim Jeans,190,72
2024-05-08,Chunky Sneaker,60,28
2024-05-09,Floral Dress,500,214
2024-05-09,Leather Jacket,101,36
2024-05-09,Denim Jeans,178,65
2024-05-09,Chunky Sneaker,136,74
2024-05-10,Floral Dress,464,202
2024-05-10,Leather Jacket,162,86
2024-05-10,Denim Jeans,219,116
2024-05-10,Chunky Sneaker,198,105
2024-05-11,Floral Dress,377,150
2024-05-11,Leather Jacket,180,66
2024-05-11,Denim Jeans,268,123
2024-05-11,Chunky Sneaker,151,56
2024-05-12,Floral Dress,380,164
2024-05-12,Leather Jacket,138,64
2024-05-12,Denim Jeans,266,102
2024-05-12,Chunky Sneaker,189,89
2024-05-13,Floral Dress,552,247
2024-05-13,Leather Jacket,94,30
2024-05-13,Denim Jeans,268,126
2024-05-13,Chunky Sneaker,162,54
2024-05-14,Floral Dress,552,251
2024-05-14,Leather Jacket,118,45
2024-05-14,Denim Jeans,192,78
2024-05-14,Chunky Sneaker,83,22
2024-05-15,Floral Dress,575,271
2024-05-15,Leather Jacket,122,34
2024-05-15,Denim Jeans,178,75
2024-05-15,Chunky Sneaker,54,34
2024-05-16,Floral Dress,635,290
2024-05-16,Leather Jacket,90,56
2024-05-16,Denim Jeans,119,63
2024-05-16,Chunky Sneaker,111,59
2024-05-17,Floral Dress,526,224
2024-05-17,Leather Jacket,198,77
2024-05-17,Denim Jeans,232,103
2024-05-17,Chunky Sneaker,75,26
2024-05-18,Floral Dress,537,223
2024-05-18,Leather Jacket,84,31
2024-05-18,Denim Jeans,239,121
2024-05-18,Chunky Sneaker,50,19
2024-05-19,Floral Dress,563,262
2024-05-19,Leather Jacket,175,71
2024-05-19,Denim Jeans,195,98
2024-05-19,Chunky Sneaker,171,75
2024-05-20,Floral Dress,521,233
2024-05-20,Leather Jacket,183,101
2024-05-20,Denim Jeans,222,93
2024-05-20,Chunky Sneaker,164,87
2024-05-21,Floral Dress,423,182
2024-05-21,Leather Jacket,142,69
2024-05-21,Denim Jeans,238,99
2024-05-21,Chunky Sneaker,194,81
2024-05-22,Floral Dress,494,215
2024-05-22,Leather Jacket,128,38
2024-05-22,Denim Jeans,136,49
2024-05-22,Chunky Sneaker,108,53
2024-05-23,Floral Dress,562,250
2024-05-23,Leather Jacket,175,85
2024-05-23,Denim Jeans,211,98
2024-05-23,Chunky Sneaker,103,35
2024-05-24,Floral Dress,408,180
2024-05-24,Leather Jacket,55,23
2024-05-24,Denim Jeans,197,105
2024-05-24,Chunky Sneaker,90,48
2024-05-25,Floral Dress,612,275
2024-05-25,Leather Jacket,191,86
2024-05-25,Denim Jeans,246,122
2024-05-25,Chunky Sneaker,63,26
2024-05-26,Floral Dress,526,239
2024-05-26,Leather Jacket,177,82
2024-05-26,Denim Jeans,176,63
2024-05-26,Chunky Sneaker,114,54
2024-05-27,Floral Dress,546,260
2024-05-27,Leather Jacket,112,66
2024-05-27,Denim Jeans,151,51
2024-05-27,Chunky Sneaker,95,48
2024-05-28,Floral Dress,569,256
2024-05-28,Leather Jacket,131,42
2024-05-28,Denim Jeans,139,76
2024-05-28,Chunky Sneaker,169,61
2024-05-29,Floral Dress,631,272
2024-05-29,Leather Jacket,156,74
2024-05-29,Denim Jeans,227,98
2024-05-29,Chunky Sneaker,117,58
2024-05-30,Floral Dress,389,189
2024-05-30,Leather Jacket,130,72
2024-05-30,Denim Jeans,167,90
2024-05-30,Chunky Sneaker,142,72
2024-05-31,Floral Dress,496,240
2024-05-31,Leather Jacket,153,88
2024-05-31,Denim Jeans,244,101
2024-05-31,Chunky Sneaker,110,31
2024-06-01,Floral Dress,540,254
2024-06-01,Leather Jacket,197,70
2024-06-01,Denim Jeans,218,82
2024-06-01,Chunky Sneaker,166,78
2024-06-02,Floral Dress,554,250
2024-06-02,Leather Jacket,112,48
2024-06-02,Denim Jeans,165,94
2024-06-02,Chunky Sneaker,134,60
2024-06-03,Floral Dress,426,183
2024-06-03,Leather Jacket,148,54
2024-06-03,Denim Jeans,168,90
2024-06-03,Chunky Sneaker,58,34
2024-06-04,Floral Dress,476,197
2024-06-04,Leather Jacket,159,62
2024-06-04,Denim Jeans,245,127
2024-06-04,Chunky Sneaker,176,60
2024-06-05,Floral Dress,603,257
2024-06-05,Leather Jacket,174,64
2024-06-05,Denim Jeans,260,100
2024-06-05,Chunky Sneaker,57,39
2024-06-06,Floral Dress,477,208
2024-06-06,Leather Jacket,147,52
2024-06-06,Denim Jeans,169,70
2024-06-06,Chunky Sneaker,84,38
2024-06-07,Floral Dress,580,255
2024-06-07,Leather Jacket,70,18
2024-06-07,Denim Jeans,179,99
2024-06-07,Chunky Sneaker,196,106
2024-06-08,Floral Dress,427,193
2024-06-08,Leather Jacket,120,72
2024-06-08,Denim Jeans,160,83
2024-06-08,Chunky Sneaker,92,56
2024-06-09,Floral Dress,544,246
2024-06-09,Leather Jacket,108,67
2024-06-09,Denim Jeans,287,118
2024-06-09,Chunky Sneaker,124,49
2024-06-10,Floral Dress,498,240
2024-06-10,Leather Jacket,104,63
2024-06-10,Denim Jeans,258,102
2024-06-10,Chunky Sneaker,183,74
2024-06-11,Floral Dress,520,240
2024-06-11,Leather Jacket,158,59
2024-06-11,Denim Jeans,222,97
2024-06-11,Chunky Sneaker,163,67
2024-06-12,Floral Dress,425,175
2024-06-12,Leather Jacket,154,86
2024-06-12,Denim Jeans,157,53
2024-06-12,Chunky Sneaker,62,30
2024-06-13,Floral Dress,661,281
2024-06-13,Leather Jacket,92,45
2024-06-13,Denim Jeans,244,116
2024-06-13,Chunky Sneaker,148,48
2024-06-14,Floral Dress,506,209
2024-06-14,Leather Jacket,187,104
2024-06-14,Denim Jeans,242,104
2024-06-14,Chunky Sneaker,137,46
2024-06-15,Floral Dress,614,260
2024-06-15,Leather Jacket,111,52
2024-06-15,Denim Jeans,260,136
2024-06-15,Chunky Sneaker,153,60
2024-06-16,Floral Dress,463,206
2024-06-16,Leather Jacket,94,39
2024-06-16,Denim Jeans,161,77
2024-06-16,Chunky Sneaker,159,60
2024-06-17,Floral Dress,578,246
2024-06-17,Leather Jacket,170,63
2024-06-17,Denim Jeans,231,84
2024-06-17,Chunky Sneaker,196,72
2024-06-18,Floral Dress,556,240
2024-06-18,Leather Jacket,141,74
2024-06-18,Denim Jeans,222,106
2024-06-18,Chunky Sneaker,184,99
2024-06-19,Floral Dress,498,214
2024-06-19,Leather Jacket,133,62
2024-06-19,Denim Jeans,205,82
2024-06-19,Chunky Sneaker,75,13
2024-06-20,Floral Dress,460,203
2024-06-20,Leather Jacket,70,48
2024-06-20,Denim Jeans,225,94
2024-06-20,Chunky Sneaker,102,42
2024-06-21,Floral Dress,378,163
2024-06-21,Leather Jacket,177,77
2024-06-21,Denim Jeans,170,65
2024-06-21,Chunky Sneaker,58,7
2024-06-22,Floral Dress,626,292
2024-06-22,Leather Jacket,67,19
2024-06-22,Denim Jeans,180,62
2024-06-22,Chunky Sneaker,112,65
2024-06-23,Floral Dress,460,193
2024-06-23,Leather Jacket,106,35
2024-06-23,Denim Jeans,281,131
2024-06-23,Chunky Sneaker,182,83
2024-06-24,Floral Dress,592,259
2024-06-24,Leather Jacket,160,71
2024-06-24,Denim Jeans,238,94
2024-06-24,Chunky Sneaker,115,42
2024-06-25,Floral Dress,516,241
2024-06-25,Leather Jacket,104,45
2024-06-25,Denim Jeans,278,126
2024-06-25,Chunky Sneaker,78,43
2024-06-26,Floral Dress,512,218
2024-06-26,Leather Jacket,192,73
2024-06-26,Denim Jeans,208,85
2024-06-26,Chunky Sneaker,85,31
2024-06-27,Floral Dress,604,275
2024-06-27,Leather Jacket,74,16
2024-06-27,Denim Jeans,221,85
2024-06-27,Chunky Sneaker,113,53
2024-06-28,Floral Dress,595,258
2024-06-28,Leather Jacket,63,42
2024-06-28,Denim Jeans,211,78
2024-06-28,Chunky Sneaker,197,74
2024-06-29,Floral Dress,581,267
2024-06-29,Leather Jacket,77,24
2024-06-29,Denim Jeans,212,77
2024-06-29,Chunky Sneaker,135,75
2024-06-30,Floral Dress,552,249
2024-06-30,Leather Jacket,141,67
2024-06-30,Denim Jeans,168,55
2024-06-30,Chunky Sneaker,102,34
2024-07-01,Floral Dress,669,308
2024-07-01,Leather Jacket,142,45
2024-07-01,Denim Jeans,239,117
2024-07-01,Chunky Sneaker,64,43
2024-07-02,Floral Dress,467,210
2024-07-02,Leather Jacket,81,22
2024-07-02,Denim Jeans,132,42
2024-07-02,Chunky Sneaker,113,48
2024-07-03,Floral Dress,453,194
2024-07-03,Leather Jacket,129,75
2024-07-03,Denim Jeans,252,110
2024-07-03,Chunky Sneaker,94,44
2024-07-04,Floral Dress,608,282
2024-07-04,Leather Jacket,99,56
2024-07-04,Denim Jeans,279,142
2024-07-04,Chunky Sneaker,62,45
2024-07-05,Floral Dress,515,214
2024-07-05,Leather Jacket,177,73
2024-07-05,Denim Jeans,256,106
2024-07-05,Chunky Sneaker,118,33
2024-07-06,Floral Dress,434,187
2024-07-06,Leather Jacket,158,71
2024-07-06,Denim Jeans,285,133
2024-07-06,Chunky Sneaker,61,25
2024-07-07,Floral Dress,639,273
2024-07-07,Leather Jacket,175,71
2024-07-07,Denim Jeans,178,91
2024-07-07,Chunky Sneaker,101,53
2024-07-08,Floral Dress,420,191
2024-07-08,Leather Jacket,150,73
2024-07-08,Denim Jeans,221,104
2024-07-08,Chunky Sneaker,107,43
2024-07-09,Floral Dress,458,204
2024-07-09,Leather Jacket,156,87
2024-07-09,Denim Jeans,152,76
2024-07-09,Chunky Sneaker,111,58
2024-07-10,Floral Dress,420,172
2024-07-10,Leather Jacket,102,61
2024-07-10,Denim Jeans,155,88
2024-07-10,Chunky Sneaker,139,56
2024-07-11,Floral Dress,437,181
2024-07-11,Leather Jacket,85,55
2024-07-11,Denim Jeans,114,61
2024-07-11,Chunky Sneaker,133,48
2024-07-12,Floral Dress,391,162
2024-07-12,Leather Jacket,116,55
2024-07-12,Denim Jeans,238,104
2024-07-12,Chunky Sneaker,108,43
2024-07-13,Floral Dress,581,264
2024-07-13,Leather Jacket,83,37
2024-07-13,Denim Jeans,226,111
2024-07-13,Chunky Sneaker,80,26
2024-07-14,Floral Dress,568,262
2024-07-14,Leather Jacket,59,35
2024-07-14,Denim Jeans,121,39
2024-07-14,Chunky Sneaker,154,51
2024-07-15,Floral Dress,602,254
2024-07-15,Leather Jacket,69,24
2024-07-15,Denim Jeans,213,85
2024-07-15,Chunky Sneaker,200,100
2024-07-16,Floral Dress,415,200
2024-07-16,Leather Jacket,109,39
2024-07-16,Denim Jeans,267,136
2024-07-16,Chunky Sneaker,81,36
2024-07-17,Floral Dress,458,192
2024-07-17,Leather Jacket,83,51
2024-07-17,Denim Jeans,218,114
2024-07-17,Chunky Sneaker,73,29
2024-07-18,Floral Dress,399,199
2024-07-18,Leather Jacket,102,48
2024-07-18,Denim Jeans,109,40
2024-07-18,Chunky Sneaker,150,75
2024-07-19,Floral Dress,479,227
2024-07-19,Leather Jacket,81,28
2024-07-19,Denim Jeans,169,62
2024-07-19,Chunky Sneaker,186,90
2024-07-20,Floral Dress,359,159
2024-07-20,Leather Jacket,91,57
2024-07-20,Denim Jeans,198,107
2024-07-20,Chunky Sneaker,87,53
2024-07-21,Floral Dress,612,268
2024-07-21,Leather Jacket,136,58
2024-07-21,Denim Jeans,172,70
2024-07-21,Chunky Sneaker,65,44
2024-07-22,Floral Dress,496,231
2024-07-22,Leather Jacket,61,33
2024-07-22,Denim Jeans,137,48
2024-07-22,Chunky Sneaker,174,98
2024-07-23,Floral Dress,563,266
2024-07-23,Leather Jacket,109,65
2024-07-23,Denim Jeans,254,96
2024-07-23,Chunky Sneaker,168,74
2024-07-24,Floral Dress,558,249
2024-07-24,Leather Jacket,197,102
2024-07-24,Denim Jeans,204,80
2024-07-24,Chunky Sneaker,152,81
2024-07-25,Floral Dress,599,255
2024-07-25,Leather Jacket,96,23
2024-07-25,Denim Jeans,128,47
2024-07-25,Chunky Sneaker,157,79
2024-07-26,Floral Dress,481,223
2024-07-26,Leather Jacket,189,80
2024-07-26,Denim Jeans,187,92
2024-07-26,Chunky Sneaker,114,63
2024-07-27,Floral Dress,479,234
2024-07-27,Leather Jacket,152,84
2024-07-27,Denim Jeans,184,90
2024-07-27,Chunky Sneaker,156,62
2024-07-28,Floral Dress,423,181
2024-07-28,Leather Jacket,145,51
2024-07-28,Denim Jeans,238,97
2024-07-28,Chunky Sneaker,198,80
2024-07-29,Floral Dress,441,205
2024-07-29,Leather Jacket,100,48
2024-07-29,Denim Jeans,178,97
2024-07-29,Chunky Sneaker,177,79
2024-07-30,Floral Dress,537,230
2024-07-30,Leather Jacket,127,73
2024-07-30,Denim Jeans,272,133
2024-07-30,Chunky Sneaker,68,18
2024-07-31,Floral Dress,619,263
2024-07-31,Leather Jacket,132,63
2024-07-31,Denim Jeans,153,63
2024-07-31,Chunky Sneaker,85,54
2024-08-01,Floral Dress,524,238
2024-08-01,Leather Jacket,100,54
2024-08-01,Denim Jeans,183,70
2024-08-01,Chunky Sneaker,94,49
2024-08-02,Floral Dress,544,247
2024-08-02,Leather Jacket,189,69
2024-08-02,Denim Jeans,272,122
2024-08-02,Chunky Sneaker,115,70
2024-08-03,Floral Dress,449,190
2024-08-03,Leather Jacket,95,53
2024-08-03,Denim Jeans,270,104
2024-08-03,Chunky Sneaker,110,36
2024-08-04,Floral Dress,576,276
2024-08-04,Leather Jacket,50,16
2024-08-04,Denim Jeans,159,87
2024-08-04,Chunky Sneaker,113,60
2024-08-05,Floral Dress,523,215
2024-08-05,Leather Jacket,168,71
2024-08-05,Denim Jeans,179,66
2024-08-05,Chunky Sneaker,157,63
2024-08-06,Floral Dress,518,216
2024-08-06,Leather Jacket,102,42
2024-08-06,Denim Jeans,210,96
2024-08-06,Chunky Sneaker,64,12
2024-08-07,Floral Dress,576,275
2024-08-07,Leather Jacket,54,22
2024-08-07,Denim Jeans,252,101
2024-08-07,Chunky Sneaker,70,31
2024-08-08,Floral Dress,557,230
2024-08-08,Leather Jacket,190,90
2024-08-08,Denim Jeans,170,74
2024-08-08,Chunky Sneaker,103,37
2024-08-09,Floral Dress,618,288
2024-08-09,Leather Jacket,59,27
2024-08-09,Denim Jeans,222,106
2024-08-09,Chunky Sneaker,179,93
2024-08-10,Floral Dress,500,208
2024-08-10,Leather Jacket,190,69
2024-08-10,Denim Jeans,179,64
2024-08-10,Chunky Sneaker,106,51
2024-08-11,Floral Dress,552,251
2024-08-11,Leather Jacket,109,67
2024-08-11,Denim Jeans,213,98
2024-08-11,Chunky Sneaker,81,26
2024-08-12,Floral Dress,557,269
2024-08-12,Leather Jacket,110,29
2024-08-12,Denim Jeans,164,90
2024-08-12,Chunky Sneaker,68,13
2024-08-13,Floral Dress,678,298
2024-08-13,Leather Jacket,102,51
2024-08-13,Denim Jeans,143,53
2024-08-13,Chunky Sneaker,147,60
2024-08-14,Floral Dress,425,183
2024-08-14,Leather Jacket,129,55
2024-08-14,Denim Jeans,260,123
2024-08-14,Chunky Sneaker,70,30
2024-08-15,Floral Dress,631,291
2024-08-15,Leather Jacket,137,50
2024-08-15,Denim Jeans,209,78
2024-08-15,Chunky Sneaker,63,11
2024-08-16,Floral Dress,501,212
2024-08-16,Leather Jacket,153,81
2024-08-16,Denim Jeans,197,100
2024-08-16,Chunky Sneaker,63,20
2024-08-17,Floral Dress,444,216
2024-08-17,Leather Jacket,185,92
2024-08-17,Denim Jeans,211,78
2024-08-17,Chunky Sneaker,87,34
2024-08-18,Floral Dress,445,183
2024-08-18,Leather Jacket,79,22
2024-08-18,Denim Jeans,260,120
2024-08-18,Chunky Sneaker,60,28
2024-08-19,Floral Dress,525,220
2024-08-19,Leather Jacket,68,18
2024-08-19,Denim Jeans,165,72
2024-08-19,Chunky Sneaker,169,75
2024-08-20,Floral Dress,551,250
2024-08-20,Leather Jacket,105,57
2024-08-20,Denim Jeans,186,75
2024-08-20,Chunky Sneaker,55,36
2024-08-21,Floral Dress,539,246
2024-08-21,Leather Jacket,171,96
2024-08-21,Denim Jeans,278,129
2024-08-21,Chunky Sneaker,52,11
2024-08-22,Floral Dress,585,243
2024-08-22,Leather Jacket,71,46
2024-08-22,Denim Jeans,235,89
2024-08-22,Chunky Sneaker,56,43
2024-08-23,Floral Dress,569,236
2024-08-23,Leather Jacket,120,50
2024-08-23,Denim Jeans,253,101
2024-08-23,Chunky Sneaker,54,17
2024-08-24,Floral Dress,511,239
2024-08-24,Leather Jacket,144,70
2024-08-24,Denim Jeans,247,118
2024-08-24,Chunky Sneaker,145,47
2024-08-25,Floral Dress,490,229
2024-08-25,Leather Jacket,55,11
2024-08-25,Denim Jeans,172,81
2024-08-25,Chunky Sneaker,173,81
2024-08-26,Floral Dress,385,155
2024-08-26,Leather Jacket,193,72
2024-08-26,Denim Jeans,152,86
2024-08-26,Chunky Sneaker,67,40
2024-08-27,Floral Dress,597,287
2024-08-27,Leather Jacket,119,46
2024-08-27,Denim Jeans,141,54
2024-08-27,Chunky Sneaker,83,52
2024-08-28,Floral Dress,484,212
2024-08-28,Leather Jacket,191,68
2024-08-28,Denim Jeans,237,86
2024-08-28,Chunky Sneaker,129,39
2024-08-29,Floral Dress,421,192
2024-08-29,Leather Jacket,93,26
2024-08-29,Denim Jeans,250,115
2024-08-29,Chunky Sneaker,101,50
2024-08-30,Floral Dress,550,263
2024-08-30,Leather Jacket,179,97
2024-08-30,Denim Jeans,156,61
2024-08-30,Chunky Sneaker,197,92
2024-08-31,Floral Dress,534,226
2024-08-31,Leather Jacket,110,67
2024-08-31,Denim Jeans,167,91
2024-08-31,Chunky Sneaker,106,64
2024-09-01,Floral Dress,124,39
2024-09-01,Leather Jacket,174,89
2024-09-01,Denim Jeans,282,118
2024-09-01,Chunky Sneaker,140,66
2024-09-02,Floral Dress,58,11
2024-09-02,Leather Jacket,71,37
2024-09-02,Denim Jeans,263,126
2024-09-02,Chunky Sneaker,168,86
2024-09-03,Floral Dress,144,54
2024-09-03,Leather Jacket,117,42
2024-09-03,Denim Jeans,216,84
2024-09-03,Chunky Sneaker,189,93
2024-09-04,Floral Dress,64,21
2024-09-04,Leather Jacket,187,87
2024-09-04,Denim Jeans,247,94
2024-09-04,Chunky Sneaker,158,87
2024-09-05,Floral Dress,83,47
2024-09-05,Leather Jacket,196,86
2024-09-05,Denim Jeans,212,104
2024-09-05,Chunky Sneaker,93,48
2024-09-06,Floral Dress,108,34
2024-09-06,Leather Jacket,180,88
2024-09-06,Denim Jeans,199,100
2024-09-06,Chunky Sneaker,62,33
2024-09-07,Floral Dress,190,104
2024-09-07,Leather Jacket,113,70
2024-09-07,Denim Jeans,161,70
2024-09-07,Chunky Sneaker,54,44
2024-09-08,Floral Dress,57,7
2024-09-08,Leather Jacket,158,75
2024-09-08,Denim Jeans,170,62
2024-09-08,Chunky Sneaker,174,84
2024-09-09,Floral Dress,146,56
2024-09-09,Leather Jacket,191,68
2024-09-09,Denim Jeans,188,103
2024-09-09,Chunky Sneaker,91,48
2024-09-10,Floral Dress,189,104
2024-09-10,Leather Jacket,169,62
2024-09-10,Denim Jeans,169,70
2024-09-10,Chunky Sneaker,156,55
2024-09-11,Floral Dress,65,24
2024-09-11,Leather Jacket,170,87
2024-09-11,Denim Jeans,228,106
2024-09-11,Chunky Sneaker,176,89
2024-09-12,Floral Dress,148,74
2024-09-12,Leather Jacket,95,60
2024-09-12,Denim Jeans,165,94
2024-09-12,Chunky Sneaker,157,64
2024-09-13,Floral Dress,170,77
2024-09-13,Leather Jacket,82,17
2024-09-13,Denim Jeans,159,62
2024-09-13,Chunky Sneaker,150,57
2024-09-14,Floral Dress,141,77
2024-09-14,Leather Jacket,196,106
2024-09-14,Denim Jeans,236,93
2024-09-14,Chunky Sneaker,76,53
2024-09-15,Floral Dress,123,35
2024-09-15,Leather Jacket,134,80
2024-09-15,Denim Jeans,215,92
2024-09-15,Chunky Sneaker,110,66
2024-09-16,Floral Dress,58,38
2024-09-16,Leather Jacket,97,54
2024-09-16,Denim Jeans,208,96
2024-09-16,Chunky Sneaker,116,65
2024-09-17,Floral Dress,75,51
2024-09-17,Leather Jacket,140,76
2024-09-17,Denim Jeans,235,94
2024-09-17,Chunky Sneaker,138,72
2024-09-18,Floral Dress,89,60
2024-09-18,Leather Jacket,86,28
2024-09-18,Denim Jeans,143,46
2024-09-18,Chunky Sneaker,65,30
2024-09-19,Floral Dress,93,46
2024-09-19,Leather Jacket,157,76
2024-09-19,Denim Jeans,184,94
2024-09-19,Chunky Sneaker,137,73
2024-09-20,Floral Dress,115,60
2024-09-20,Leather Jacket,94,42
2024-09-20,Denim Jeans,169,88
2024-09-20,Chunky Sneaker,190,105
2024-09-21,Floral Dress,141,54
2024-09-21,Leather Jacket,89,35
2024-09-21,Denim Jeans,253,110
2024-09-21,Chunky Sneaker,125,38
2024-09-22,Floral Dress,99,53
2024-09-22,Leather Jacket,66,21
2024-09-22,Denim Jeans,169,68
2024-09-22,Chunky Sneaker,180,71
2024-09-23,Floral Dress,112,50
2024-09-23,Leather Jacket,138,66
2024-09-23,Denim Jeans,293,128
2024-09-23,Chunky Sneaker,155,67
2024-09-24,Floral Dress,193,87
2024-09-24,Leather Jacket,157,54
2024-09-24,Denim Jeans,206,77
2024-09-24,Chunky Sneaker,146,75
2024-09-25,Floral Dress,109,29
2024-09-25,Leather Jacket,53,35
2024-09-25,Denim Jeans,223,118
2024-09-25,Chunky Sneaker,95,25
2024-09-26,Floral Dress,83,18
2024-09-26,Leather Jacket,52,9
2024-09-26,Denim Jeans,180,69
2024-09-26,Chunky Sneaker,163,92
2024-09-27,Floral Dress,144,44
2024-09-27,Leather Jacket,195,78
2024-09-27,Denim Jeans,199,108
2024-09-27,Chunky Sneaker,198,96
2024-09-28,Floral Dress,54,8
2024-09-28,Leather Jacket,184,96
2024-09-28,Denim Jeans,170,64
2024-09-28,Chunky Sneaker,164,71
2024-09-29,Floral Dress,176,93
2024-09-29,Leather Jacket,120,56
2024-09-29,Denim Jeans,142,50
2024-09-29,Chunky Sneaker,89,25
2024-09-30,Floral Dress,56,16
2024-09-30,Leather Jacket,110,67
2024-09-30,Denim Jeans,225,120
2024-09-30,Chunky Sneaker,191,79
2024-10-01,Floral Dress,141,75
2024-10-01,Leather Jacket,440,185
2024-10-01,Denim Jeans,147,60
2024-10-01,Chunky Sneaker,69,33
2024-10-02,Floral Dress,157,67
2024-10-02,Leather Jacket,430,196
2024-10-02,Denim Jeans,246,102
2024-10-02,Chunky Sneaker,130,69
2024-10-03,Floral Dress,50,10
2024-10-03,Leather Jacket,483,209
2024-10-03,Denim Jeans,240,90
2024-10-03,Chunky Sneaker,165,66
2024-10-04,Floral Dress,160,85
2024-10-04,Leather Jacket,303,149
2024-10-04,Denim Jeans,217,106
2024-10-04,Chunky Sneaker,55,9
2024-10-05,Floral Dress,145,84
2024-10-05,Leather Jacket,563,250
2024-10-05,Denim Jeans,257,123
2024-10-05,Chunky Sneaker,95,30
2024-10-06,Floral Dress,105,53
2024-10-06,Leather Jacket,371,180
2024-10-06,Denim Jeans,259,98
2024-10-06,Chunky Sneaker,105,44
2024-10-07,Floral Dress,66,28
2024-10-07,Leather Jacket,319,157
2024-10-07,Denim Jeans,227,86
2024-10-07,Chunky Sneaker,168,78
2024-10-08,Floral Dress,166,87
2024-10-08,Leather Jacket,425,199
2024-10-08,Denim Jeans,191,77
2024-10-08,Chunky Sneaker,59,10
2024-10-09,Floral Dress,193,86
2024-10-09,Leather Jacket,416,205
2024-10-09,Denim Jeans,250,122
2024-10-09,Chunky Sneaker,110,54
2024-10-10,Floral Dress,75,33
2024-10-10,Leather Jacket,518,228
2024-10-10,Denim Jeans,282,125
2024-10-10,Chunky Sneaker,87,22
2024-10-11,Floral Dress,133,69
2024-10-11,Leather Jacket,349,139
2024-10-11,Denim Jeans,226,94
2024-10-11,Chunky Sneaker,187,101
2024-10-12,Floral Dress,175,74
2024-10-12,Leather Jacket,500,235
2024-10-12,Denim Jeans,179,70
2024-10-12,Chunky Sneaker,159,75
2024-10-13,Floral Dress,167,77
2024-10-13,Leather Jacket,472,193
2024-10-13,Denim Jeans,206,73
2024-10-13,Chunky Sneaker,198,70
2024-10-14,Floral Dress,155,58
2024-10-14,Leather Jacket,359,144
2024-10-14,Denim Jeans,273,103
2024-10-14,Chunky Sneaker,155,87
2024-10-15,Floral Dress,159,83
2024-10-15,Leather Jacket,433,193
2024-10-15,Denim Jeans,121,63
2024-10-15,Chunky Sneaker,119,50
2024-10-16,Floral Dress,146,49
2024-10-16,Leather Jacket,448,219
2024-10-16,Denim Jeans,220,97
2024-10-16,Chunky Sneaker,147,68
2024-10-17,Floral Dress,84,48
2024-10-17,Leather Jacket,469,201
2024-10-17,Denim Jeans,211,84
2024-10-17,Chunky Sneaker,169,87
2024-10-18,Floral Dress,155,77
2024-10-18,Leather Jacket,493,231
2024-10-18,Denim Jeans,241,109
2024-10-18,Chunky Sneaker,130,76
2024-10-19,Floral Dress,185,73
2024-10-19,Leather Jacket,432,197
2024-10-19,Denim Jeans,252,95
2024-10-19,Chunky Sneaker,80,54
2024-10-20,Floral Dress,93,43
2024-10-20,Leather Jacket,337,143
2024-10-20,Denim Jeans,203,76
2024-10-20,Chunky Sneaker,126,59
2024-10-21,Floral Dress,83,38
2024-10-21,Leather Jacket,330,152
2024-10-21,Denim Jeans,143,84
2024-10-21,Chunky Sneaker,132,52
2024-10-22,Floral Dress,68,20
2024-10-22,Leather Jacket,487,205
2024-10-22,Denim Jeans,139,76
2024-10-22,Chunky Sneaker,75,38
2024-10-23,Floral Dress,91,37
2024-10-23,Leather Jacket,335,132
2024-10-23,Denim Jeans,177,89
2024-10-23,Chunky Sneaker,117,48
2024-10-24,Floral Dress,118,59
2024-10-24,Leather Jacket,479,216
2024-10-24,Denim Jeans,154,51
2024-10-24,Chunky Sneaker,142,45
2024-10-25,Floral Dress,163,87
2024-10-25,Leather Jacket,302,151
2024-10-25,Denim Jeans,262,126
2024-10-25,Chunky Sneaker,163,84
2024-10-26,Floral Dress,130,45
2024-10-26,Leather Jacket,378,176
2024-10-26,Denim Jeans,253,130
2024-10-26,Chunky Sneaker,175,64
2024-10-27,Floral Dress,154,59
2024-10-27,Leather Jacket,540,224
2024-10-27,Denim Jeans,109,66
2024-10-27,Chunky Sneaker,60,13
2024-10-28,Floral Dress,150,63
2024-10-28,Leather Jacket,339,142
2024-10-28,Denim Jeans,169,71
2024-10-28,Chunky Sneaker,140,77
2024-10-29,Floral Dress,79,51
2024-10-29,Leather Jacket,319,130
2024-10-29,Denim Jeans,224,96
2024-10-29,Chunky Sneaker,160,72
2024-10-30,Floral Dress,82,48
2024-10-30,Leather Jacket,469,203
2024-10-30,Denim Jeans,289,113
2024-10-30,Chunky Sneaker,117,49
2024-10-31,Floral Dress,138,69
2024-10-31,Leather Jacket,587,272
2024-10-31,Denim Jeans,158,68
2024-10-31,Chunky Sneaker,140,66
2024-11-01,Floral Dress,198,99
2024-11-01,Leather Jacket,563,273
2024-11-01,Denim Jeans,204,83
2024-11-01,Chunky Sneaker,51,2
2024-11-02,Floral Dress,110,65
2024-11-02,Leather Jacket,417,183
2024-11-02,Denim Jeans,155,85
2024-11-02,Chunky Sneaker,54,23
2024-11-03,Floral Dress,198,107
2024-11-03,Leather Jacket,469,223
2024-11-03,Denim Jeans,268,105
2024-11-03,Chunky Sneaker,96,62
2024-11-04,Floral Dress,61,14
2024-11-04,Leather Jacket,368,156
2024-11-04,Denim Jeans,130,61
2024-11-04,Chunky Sneaker,171,87
2024-11-05,Floral Dress,127,40
2024-11-05,Leather Jacket,440,183
2024-11-05,Denim Jeans,192,101
2024-11-05,Chunky Sneaker,192,94
2024-11-06,Floral Dress,64,25
2024-11-06,Leather Jacket,473,192
2024-11-06,Denim Jeans,183,99
2024-11-06,Chunky Sneaker,69,23
2024-11-07,Floral Dress,90,46
2024-11-07,Leather Jacket,531,218
2024-11-07,Denim Jeans,222,109
2024-11-07,Chunky Sneaker,127,64
2024-11-08,Floral Dress,144,53
2024-11-08,Leather Jacket,523,218
2024-11-08,Denim Jeans,127,52
2024-11-08,Chunky Sneaker,141,61
2024-11-09,Floral Dress,133,41
2024-11-09,Leather Jacket,462,190
2024-11-09,Denim Jeans,244,120
2024-11-09,Chunky Sneaker,52,8
2024-11-10,Floral Dress,191,102
2024-11-10,Leather Jacket,443,180
2024-11-10,Denim Jeans,263,138
2024-11-10,Chunky Sneaker,156,60
2024-11-11,Floral Dress,153,61
2024-11-11,Leather Jacket,338,156
2024-11-11,Denim Jeans,208,78
2024-11-11,Chunky Sneaker,174,64
2024-11-12,Floral Dress,180,76
2024-11-12,Leather Jacket,510,216
2024-11-12,Denim Jeans,152,53
2024-11-12,Chunky Sneaker,143,82
2024-11-13,Floral Dress,113,39
2024-11-13,Leather Jacket,467,190
2024-11-13,Denim Jeans,250,113
2024-11-13,Chunky Sneaker,134,46
2024-11-14,Floral Dress,164,87
2024-11-14,Leather Jacket,516,219
2024-11-14,Denim Jeans,111,35
2024-11-14,Chunky Sneaker,105,39
2024-11-15,Floral Dress,177,67
2024-11-15,Leather Jacket,468,192
2024-11-15,Denim Jeans,241,104
2024-11-15,Chunky Sneaker,55,40
2024-11-16,Floral Dress,161,67
2024-11-16,Leather Jacket,447,208
2024-11-16,Denim Jeans,173,86
2024-11-16,Chunky Sneaker,94,53
2024-11-17,Floral Dress,182,81
2024-11-17,Leather Jacket,437,189
2024-11-17,Denim Jeans,102,40
2024-11-17,Chunky Sneaker,94,60
2024-11-18,Floral Dress,165,79
2024-11-18,Leather Jacket,532,257
2024-11-18,Denim Jeans,127,58
2024-11-18,Chunky Sneaker,138,43
2024-11-19,Floral Dress,131,45
2024-11-19,Leather Jacket,451,220
2024-11-19,Denim Jeans,169,93
2024-11-19,Chunky Sneaker,58,12
2024-11-20,Floral Dress,55,40
2024-11-20,Leather Jacket,423,207
2024-11-20,Denim Jeans,195,87
2024-11-20,Chunky Sneaker,65,14
2024-11-21,Floral Dress,111,39
2024-11-21,Leather Jacket,374,188
2024-11-21,Denim Jeans,215,113
2024-11-21,Chunky Sneaker,68,11
2024-11-22,Floral Dress,105,54
2024-11-22,Leather Jacket,468,206
2024-11-22,Denim Jeans,227,83
2024-11-22,Chunky Sneaker,148,70
2024-11-23,Floral Dress,54,17
2024-11-23,Leather Jacket,447,185
2024-11-23,Denim Jeans,157,60
2024-11-23,Chunky Sneaker,70,12
2024-11-24,Floral Dress,108,51
2024-11-24,Leather Jacket,494,237
2024-11-24,Denim Jeans,214,97
2024-11-24,Chunky Sneaker,117,64
2024-11-25,Floral Dress,101,60
2024-11-25,Leather Jacket,504,236
2024-11-25,Denim Jeans,240,88
2024-11-25,Chunky Sneaker,72,45
2024-11-26,Floral Dress,190,78
2024-11-26,Leather Jacket,563,268
2024-11-26,Denim Jeans,208,110
2024-11-26,Chunky Sneaker,130,42
2024-11-27,Floral Dress,103,27
2024-11-27,Leather Jacket,407,168
2024-11-27,Denim Jeans,213,112
2024-11-27,Chunky Sneaker,131,52
2024-11-28,Floral Dress,175,92
2024-11-28,Leather Jacket,348,154
2024-11-28,Denim Jeans,193,102
2024-11-28,Chunky Sneaker,156,52
2024-11-29,Floral Dress,166,92
2024-11-29,Leather Jacket,376,180
2024-11-29,Denim Jeans,237,102
2024-11-29,Chunky Sneaker,164,84
2024-11-30,Floral Dress,63,18
2024-11-30,Leather Jacket,519,213
2024-11-30,Denim Jeans,162,68
2024-11-30,Chunky Sneaker,173,86
2024-12-01,Floral Dress,82,30
2024-12-01,Leather Jacket,417,168
2024-12-01,Denim Jeans,228,103
2024-12-01,Chunky Sneaker,188,95
2024-12-02,Floral Dress,184,63
2024-12-02,Leather Jacket,297,136
2024-12-02,Denim Jeans,270,117
2024-12-02,Chunky Sneaker,187,92
2024-12-03,Floral Dress,143,69
2024-12-03,Leather Jacket,355,141
2024-12-03,Denim Jeans,176,84
2024-12-03,Chunky Sneaker,181,64
2024-12-04,Floral Dress,151,72
2024-12-04,Leather Jacket,445,201
2024-12-04,Denim Jeans,208,90
2024-12-04,Chunky Sneaker,187,95
2024-12-05,Floral Dress,107,39
2024-12-05,Leather Jacket,428,207
2024-12-05,Denim Jeans,252,93
2024-12-05,Chunky Sneaker,182,97
2024-12-06,Floral Dress,94,54
2024-12-06,Leather Jacket,341,134
2024-12-06,Denim Jeans,109,57
2024-12-06,Chunky Sneaker,147,75
2024-12-07,Floral Dress,177,61
2024-12-07,Leather Jacket,381,171
2024-12-07,Denim Jeans,187,102
2024-12-07,Chunky Sneaker,115,58
2024-12-08,Floral Dress,162,53
2024-12-08,Leather Jacket,347,159
2024-12-08,Denim Jeans,280,132
2024-12-08,Chunky Sneaker,105,29
2024-12-09,Floral Dress,131,62
2024-12-09,Leather Jacket,291,137
2024-12-09,Denim Jeans,187,92
2024-12-09,Chunky Sneaker,92,54
2024-12-10,Floral Dress,173,78
2024-12-10,Leather Jacket,427,200
2024-12-10,Denim Jeans,211,97
2024-12-10,Chunky Sneaker,154,62
2024-12-11,Floral Dress,57,16
2024-12-11,Leather Jacket,482,199
2024-12-11,Denim Jeans,201,75
2024-12-11,Chunky Sneaker,177,79
2024-12-12,Floral Dress,191,71
2024-12-12,Leather Jacket,442,181
2024-12-12,Denim Jeans,276,124
2024-12-12,Chunky Sneaker,154,79
2024-12-13,Floral Dress,103,26
2024-12-13,Leather Jacket,390,172
2024-12-13,Denim Jeans,165,92
2024-12-13,Chunky Sneaker,52,30
2024-12-14,Floral Dress,136,59
2024-12-14,Leather Jacket,392,168
2024-12-14,Denim Jeans,242,127
2024-12-14,Chunky Sneaker,172,81
2024-12-15,Floral Dress,121,59
2024-12-15,Leather Jacket,597,251
2024-12-15,Denim Jeans,257,107
2024-12-15,Chunky Sneaker,64,10
2024-12-16,Floral Dress,146,85
2024-12-16,Leather Jacket,354,164
2024-12-16,Denim Jeans,178,100
2024-12-16,Chunky Sneaker,70,40
2024-12-17,Floral Dress,125,53
2024-12-17,Leather Jacket,461,209
2024-12-17,Denim Jeans,120,41
2024-12-17,Chunky Sneaker,140,64
2024-12-18,Floral Dress,167,87
2024-12-18,Leather Jacket,476,214
2024-12-18,Denim Jeans,235,112
2024-12-18,Chunky Sneaker,157,54
2024-12-19,Floral Dress,65,26
2024-12-19,Leather Jacket,510,239
2024-12-19,Denim Jeans,235,100
2024-12-19,Chunky Sneaker,50,36
2024-12-20,Floral Dress,69,47
2024-12-20,Leather Jacket,337,163
2024-12-20,Denim Jeans,241,113
2024-12-20,Chunky Sneaker,109,50
2024-12-21,Floral Dress,64,20
2024-12-21,Leather Jacket,379,169
2024-12-21,Denim Jeans,269,116
2024-12-21,Chunky Sneaker,191,70
2024-12-22,Floral Dress,74,39
2024-12-22,Leather Jacket,266,118
2024-12-22,Denim Jeans,141,77
2024-12-22,Chunky Sneaker,76,29
2024-12-23,Floral Dress,73,30
2024-12-23,Leather Jacket,495,218
2024-12-23,Denim Jeans,252,116
2024-12-23,Chunky Sneaker,121,50
2024-12-24,Floral Dress,114,54
2024-12-24,Leather Jacket,441,178
2024-12-24,Denim Jeans,189,91
2024-12-24,Chunky Sneaker,175,77
2024-12-25,Floral Dress,56,13
2024-12-25,Leather Jacket,541,235
2024-12-25,Denim Jeans,185,88
2024-12-25,Chunky Sneaker,148,84
2024-12-26,Floral Dress,115,41
2024-12-26,Leather Jacket,400,183
2024-12-26,Denim Jeans,168,77
2024-12-26,Chunky Sneaker,51,39
2024-12-27,Floral Dress,193,92
2024-12-27,Leather Jacket,436,204
2024-12-27,Denim Jeans,214,114
2024-12-27,Chunky Sneaker,57,44
2024-12-28,Floral Dress,116,70
2024-12-28,Leather Jacket,448,218
2024-12-28,Denim Jeans,223,83
2024-12-28,Chunky Sneaker,101,32
2024-12-29,Floral Dress,59,39
2024-12-29,Leather Jacket,418,196
2024-12-29,Denim Jeans,258,122
2024-12-29,Chunky Sneaker,149,54
2024-12-30,Floral Dress,161,68
2024-12-30,Leather Jacket,551,228
2024-12-30,Denim Jeans,228,100
2024-12-30,Chunky Sneaker,86,18
